algorithm,n,m,seed,input_mode,mutation_rate,wall_time_s,cpu_time_s,score,valid,max_rss_kb,status,dataset_id,rep,orientation,pair_id,input1_sha256,input2_sha256,nw_estimated_bytes,exit_code,score_check
nw,250,250,1001,random,0.000000,0.000680028,0.000678300,12,1,1424,ok,synthetic_random,1,forward,pair_00001,,,316505,0,matched
hirschberg,250,250,1001,random,0.000000,0.001163449,0.001161000,12,1,1280,ok,synthetic_random,1,forward,pair_00001,,,316505,0,matched
hirschberg,250,250,1002,random,0.000000,0.001142049,0.001139100,14,1,1280,ok,synthetic_random,2,forward,pair_00002,,,316505,0,matched
nw,250,250,1002,random,0.000000,0.000701930,0.000699800,14,1,1424,ok,synthetic_random,2,forward,pair_00002,,,316505,0,matched
nw,250,250,1003,random,0.000000,0.000647527,0.000645600,11,1,1424,ok,synthetic_random,3,forward,pair_00003,,,316505,0,matched
hirschberg,250,250,1003,random,0.000000,0.001005642,0.001003700,11,1,1280,ok,synthetic_random,3,forward,pair_00003,,,316505,0,matched
hirschberg,250,250,1004,random,0.000000,0.000992542,0.000963900,19,1,1280,ok,synthetic_random,4,forward,pair_00004,,,316505,0,matched
nw,250,250,1004,random,0.000000,0.000626426,0.000624800,19,1,1424,ok,synthetic_random,4,forward,pair_00004,,,316505,0,matched
nw,250,250,1005,random,0.000000,0.001103247,0.001101100,21,1,1424,ok,synthetic_random,5,forward,pair_00005,,,316505,0,matched
hirschberg,250,250,1005,random,0.000000,0.001059344,0.001057300,21,1,1280,ok,synthetic_random,5,forward,pair_00005,,,316505,0,matched
hirschberg,250,250,1006,random,0.000000,0.001030144,0.001028400,24,1,1280,ok,synthetic_random,6,forward,pair_00006,,,316505,0,matched
nw,250,250,1006,random,0.000000,0.000664128,0.000661600,24,1,1424,ok,synthetic_random,6,forward,pair_00006,,,316505,0,matched
nw,250,250,1007,random,0.000000,0.000642828,0.000640700,17,1,1428,ok,synthetic_random,7,forward,pair_00007,,,316505,0,matched
hirschberg,250,250,1007,random,0.000000,0.001160949,0.001158200,17,1,1280,ok,synthetic_random,7,forward,pair_00007,,,316505,0,matched
nw,500,500,1001,random,0.000000,0.003179434,0.003175700,43,1,2304,ok,synthetic_random,1,forward,pair_00008,,,1258005,0,matched
hirschberg,500,500,1001,random,0.000000,0.004154775,0.004152100,43,1,1280,ok,synthetic_random,1,forward,pair_00008,,,1258005,0,matched
hirschberg,500,500,1002,random,0.000000,0.005310124,0.005307800,40,1,1280,ok,synthetic_random,2,forward,pair_00009,,,1258005,0,matched
nw,500,500,1002,random,0.000000,0.002506206,0.002503900,40,1,2304,ok,synthetic_random,2,forward,pair_00009,,,1258005,0,matched
nw,500,500,1003,random,0.000000,0.003024527,0.003021400,50,1,2304,ok,synthetic_random,3,forward,pair_00010,,,1258005,0,matched
hirschberg,500,500,1003,random,0.000000,0.004399286,0.004395400,50,1,1280,ok,synthetic_random,3,forward,pair_00010,,,1258005,0,matched
hirschberg,500,500,1004,random,0.000000,0.004019869,0.004017800,32,1,1280,ok,synthetic_random,4,forward,pair_00011,,,1258005,0,matched
nw,500,500,1004,random,0.000000,0.002457404,0.002453900,32,1,2304,ok,synthetic_random,4,forward,pair_00011,,,1258005,0,matched
nw,500,500,1005,random,0.000000,0.002811019,0.002807800,38,1,2304,ok,synthetic_random,5,forward,pair_00012,,,1258005,0,matched
hirschberg,500,500,1005,random,0.000000,0.003650955,0.003648600,38,1,1280,ok,synthetic_random,5,forward,pair_00012,,,1258005,0,matched
hirschberg,500,500,1006,random,0.000000,0.004254280,0.004245000,48,1,1280,ok,synthetic_random,6,forward,pair_00013,,,1258005,0,matched
nw,500,500,1006,random,0.000000,0.002338399,0.002336600,48,1,2304,ok,synthetic_random,6,forward,pair_00013,,,1258005,0,matched
nw,500,500,1007,random,0.000000,0.002317998,0.002316200,51,1,2304,ok,synthetic_random,7,forward,pair_00014,,,1258005,0,matched
hirschberg,500,500,1007,random,0.000000,0.005763544,0.005759800,51,1,1280,ok,synthetic_random,7,forward,pair_00014,,,1258005,0,matched
nw,1000,1000,1001,random,0.000000,0.010673151,0.010648000,95,1,5888,ok,synthetic_random,1,forward,pair_00015,,,5016005,0,matched
hirschberg,1000,1000,1001,random,0.000000,0.017185427,0.017178400,95,1,1280,ok,synthetic_random,1,forward,pair_00015,,,5016005,0,matched
hirschberg,1000,1000,1002,random,0.000000,0.014302205,0.014299200,100,1,1408,ok,synthetic_random,2,forward,pair_00016,,,5016005,0,matched
nw,1000,1000,1002,random,0.000000,0.009288993,0.009285600,100,1,5888,ok,synthetic_random,2,forward,pair_00016,,,5016005,0,matched
nw,1000,1000,1003,random,0.000000,0.010807957,0.010796800,93,1,5888,ok,synthetic_random,3,forward,pair_00017,,,5016005,0,matched
hirschberg,1000,1000,1003,random,0.000000,0.019223613,0.019218900,93,1,1408,ok,synthetic_random,3,forward,pair_00017,,,5016005,0,matched
hirschberg,1000,1000,1004,random,0.000000,0.015409652,0.015407200,100,1,1408,ok,synthetic_random,4,forward,pair_00018,,,5016005,0,matched
nw,1000,1000,1004,random,0.000000,0.011604890,0.011600900,100,1,5888,ok,synthetic_random,4,forward,pair_00018,,,5016005,0,matched
nw,1000,1000,1005,random,0.000000,0.009294593,0.009291600,97,1,5888,ok,synthetic_random,5,forward,pair_00019,,,5016005,0,matched
hirschberg,1000,1000,1005,random,0.000000,0.019056206,0.019052500,97,1,1408,ok,synthetic_random,5,forward,pair_00019,,,5016005,0,matched
hirschberg,1000,1000,1006,random,0.000000,0.021631045,0.021626600,101,1,1408,ok,synthetic_random,6,forward,pair_00020,,,5016005,0,matched
nw,1000,1000,1006,random,0.000000,0.014763045,0.014759300,101,1,5888,ok,synthetic_random,6,forward,pair_00020,,,5016005,0,matched
nw,1000,1000,1007,random,0.000000,0.014503433,0.014499100,84,1,5888,ok,synthetic_random,7,forward,pair_00021,,,5016005,0,matched
hirschberg,1000,1000,1007,random,0.000000,0.016145705,0.016142100,84,1,1408,ok,synthetic_random,7,forward,pair_00021,,,5016005,0,matched
nw,2000,2000,1001,random,0.000000,0.057526112,0.056956800,220,1,20480,ok,synthetic_random,1,forward,pair_00022,,,20032005,0,matched
hirschberg,2000,2000,1001,random,0.000000,0.130231187,0.130221600,220,1,1408,ok,synthetic_random,1,forward,pair_00022,,,20032005,0,matched
hirschberg,2000,2000,1002,random,0.000000,0.075710707,0.075703300,198,1,1408,ok,synthetic_random,2,forward,pair_00023,,,20032005,0,matched
nw,2000,2000,1002,random,0.000000,0.052246281,0.052241500,198,1,20608,ok,synthetic_random,2,forward,pair_00023,,,20032005,0,matched
nw,2000,2000,1003,random,0.000000,0.063787186,0.063781700,202,1,20608,ok,synthetic_random,3,forward,pair_00024,,,20032005,0,matched
hirschberg,2000,2000,1003,random,0.000000,0.068427388,0.068420200,202,1,1408,ok,synthetic_random,3,forward,pair_00024,,,20032005,0,matched
hirschberg,2000,2000,1004,random,0.000000,0.086536675,0.086514700,180,1,1408,ok,synthetic_random,4,forward,pair_00025,,,20032005,0,matched
nw,2000,2000,1004,random,0.000000,0.051989188,0.051977400,180,1,20608,ok,synthetic_random,4,forward,pair_00025,,,20032005,0,matched
nw,2000,2000,1005,random,0.000000,0.047370289,0.047367000,207,1,20608,ok,synthetic_random,5,forward,pair_00026,,,20032005,0,matched
hirschberg,2000,2000,1005,random,0.000000,0.066141084,0.066087300,207,1,1408,ok,synthetic_random,5,forward,pair_00026,,,20032005,0,matched
hirschberg,2000,2000,1006,random,0.000000,0.061690186,0.061672600,208,1,1408,ok,synthetic_random,6,forward,pair_00027,,,20032005,0,matched
nw,2000,2000,1006,random,0.000000,0.051942287,0.051939200,208,1,20608,ok,synthetic_random,6,forward,pair_00027,,,20032005,0,matched
nw,2000,2000,1007,random,0.000000,0.048369243,0.048227700,189,1,20608,ok,synthetic_random,7,forward,pair_00028,,,20032005,0,matched
hirschberg,2000,2000,1007,random,0.000000,0.070788681,0.070784700,189,1,1408,ok,synthetic_random,7,forward,pair_00028,,,20032005,0,matched
nw,4000,4000,1001,random,0.000000,0.250536988,0.250529700,452,1,79232,ok,synthetic_random,1,forward,pair_00029,,,80064005,0,matched
hirschberg,4000,4000,1001,random,0.000000,0.283248724,0.283197000,452,1,1408,ok,synthetic_random,1,forward,pair_00029,,,80064005,0,matched
hirschberg,4000,4000,1002,random,0.000000,0.266298105,0.266287400,407,1,1408,ok,synthetic_random,2,forward,pair_00030,,,80064005,0,matched
nw,4000,4000,1002,random,0.000000,0.186356757,0.186320700,407,1,79232,ok,synthetic_random,2,forward,pair_00030,,,80064005,0,matched
nw,4000,4000,1003,random,0.000000,0.203281813,0.203275500,432,1,79232,ok,synthetic_random,3,forward,pair_00031,,,80064005,0,matched
hirschberg,4000,4000,1003,random,0.000000,0.273619791,0.273594500,432,1,1408,ok,synthetic_random,3,forward,pair_00031,,,80064005,0,matched
hirschberg,4000,4000,1004,random,0.000000,0.277055700,0.277038500,400,1,1408,ok,synthetic_random,4,forward,pair_00032,,,80064005,0,matched
nw,4000,4000,1004,random,0.000000,0.196584515,0.196573700,400,1,79232,ok,synthetic_random,4,forward,pair_00032,,,80064005,0,matched
nw,4000,4000,1005,random,0.000000,0.196208665,0.196173400,459,1,79232,ok,synthetic_random,5,forward,pair_00033,,,80064005,0,matched
hirschberg,4000,4000,1005,random,0.000000,0.271463660,0.271456100,459,1,1408,ok,synthetic_random,5,forward,pair_00033,,,80064005,0,matched
hirschberg,4000,4000,1006,random,0.000000,0.260564817,0.260535700,468,1,1408,ok,synthetic_random,6,forward,pair_00034,,,80064005,0,matched
nw,4000,4000,1006,random,0.000000,0.257756862,0.257730000,468,1,79232,ok,synthetic_random,6,forward,pair_00034,,,80064005,0,matched
nw,4000,4000,1007,random,0.000000,0.256644554,0.256637900,378,1,79232,ok,synthetic_random,7,forward,pair_00035,,,80064005,0,matched
hirschberg,4000,4000,1007,random,0.000000,0.357446784,0.357421800,378,1,1408,ok,synthetic_random,7,forward,pair_00035,,,80064005,0,matched
nw,8000,8000,1001,random,0.000000,1.135532888,1.134890900,901,1,313728,ok,synthetic_random,1,forward,pair_00036,,,320128005,0,matched
hirschberg,8000,8000,1001,random,0.000000,1.108765600,1.098365800,901,1,1408,ok,synthetic_random,1,forward,pair_00036,,,320128005,0,matched
hirschberg,8000,8000,1002,random,0.000000,1.189581232,1.189508900,891,1,1536,ok,synthetic_random,2,forward,pair_00037,,,320128005,0,matched
nw,8000,8000,1002,random,0.000000,1.063447278,1.063457600,891,1,313728,ok,synthetic_random,2,forward,pair_00037,,,320128005,0,matched
nw,8000,8000,1003,random,0.000000,0.894303250,0.892096800,909,1,313600,ok,synthetic_random,3,forward,pair_00038,,,320128005,0,matched
hirschberg,8000,8000,1003,random,0.000000,1.168413402,1.168470000,909,1,1536,ok,synthetic_random,3,forward,pair_00038,,,320128005,0,matched
hirschberg,8000,8000,1004,random,0.000000,1.119986866,1.119840800,872,1,1536,ok,synthetic_random,4,forward,pair_00039,,,320128005,0,matched
nw,8000,8000,1004,random,0.000000,1.079721496,1.076238800,872,1,313728,ok,synthetic_random,4,forward,pair_00039,,,320128005,0,matched
nw,8000,8000,1005,random,0.000000,0.873679326,0.873567900,880,1,313728,ok,synthetic_random,5,forward,pair_00040,,,320128005,0,matched
hirschberg,8000,8000,1005,random,0.000000,1.130738742,1.125044100,880,1,1536,ok,synthetic_random,5,forward,pair_00040,,,320128005,0,matched
hirschberg,8000,8000,1006,random,0.000000,1.131167244,1.131082600,906,1,1536,ok,synthetic_random,6,forward,pair_00041,,,320128005,0,matched
nw,8000,8000,1006,random,0.000000,1.089134940,1.088973500,906,1,313728,ok,synthetic_random,6,forward,pair_00041,,,320128005,0,matched
nw,8000,8000,1007,random,0.000000,0.843393591,0.843384400,832,1,313728,ok,synthetic_random,7,forward,pair_00042,,,320128005,0,matched
hirschberg,8000,8000,1007,random,0.000000,1.130824261,1.130828900,832,1,1536,ok,synthetic_random,7,forward,pair_00042,,,320128005,0,matched
nw,12000,12000,1001,random,0.000000,2.374323278,2.369623400,1394,1,704384,ok,synthetic_random,1,forward,pair_00043,,,720192005,0,matched
hirschberg,12000,12000,1001,random,0.000000,2.346604521,2.346470900,1394,1,1536,ok,synthetic_random,1,forward,pair_00043,,,720192005,0,matched
hirschberg,12000,12000,1002,random,0.000000,2.588644701,2.588023600,1350,1,1536,ok,synthetic_random,2,forward,pair_00044,,,720192005,0,matched
nw,12000,12000,1002,random,0.000000,2.590354313,2.590313000,1350,1,704384,ok,synthetic_random,2,forward,pair_00044,,,720192005,0,matched
nw,12000,12000,1003,random,0.000000,2.021371277,2.021246700,1332,1,704384,ok,synthetic_random,3,forward,pair_00045,,,720192005,0,matched
hirschberg,12000,12000,1003,random,0.000000,2.581948121,2.582096800,1332,1,1536,ok,synthetic_random,3,forward,pair_00045,,,720192005,0,matched
hirschberg,12000,12000,1004,random,0.000000,2.411438943,2.411303800,1262,1,1536,ok,synthetic_random,4,forward,pair_00046,,,720192005,0,matched
nw,12000,12000,1004,random,0.000000,2.450731903,2.450612400,1262,1,704384,ok,synthetic_random,4,forward,pair_00046,,,720192005,0,matched
nw,12000,12000,1005,random,0.000000,1.962890487,1.962279500,1322,1,704384,ok,synthetic_random,5,forward,pair_00047,,,720192005,0,matched
hirschberg,12000,12000,1005,random,0.000000,2.549395316,2.549510200,1322,1,1536,ok,synthetic_random,5,forward,pair_00047,,,720192005,0,matched
hirschberg,12000,12000,1006,random,0.000000,2.572624040,2.570791800,1352,1,1536,ok,synthetic_random,6,forward,pair_00048,,,720192005,0,matched
nw,12000,12000,1006,random,0.000000,2.457695159,2.457553100,1352,1,704384,ok,synthetic_random,6,forward,pair_00048,,,720192005,0,matched
nw,12000,12000,1007,random,0.000000,2.098931771,2.099057600,1334,1,704384,ok,synthetic_random,7,forward,pair_00049,,,720192005,0,matched
hirschberg,12000,12000,1007,random,0.000000,2.508212569,2.508183400,1334,1,1536,ok,synthetic_random,7,forward,pair_00049,,,720192005,0,matched
nw,250,250,1001,mutated,0.050000,0.000525117,0.000523000,226,1,1424,ok,synthetic_mutated,1,forward,pair_00050,,,316505,0,matched
hirschberg,250,250,1001,mutated,0.050000,0.001048134,0.001045400,226,1,1280,ok,synthetic_mutated,1,forward,pair_00050,,,316505,0,matched
hirschberg,250,250,1002,mutated,0.050000,0.000838427,0.000836700,220,1,1280,ok,synthetic_mutated,2,forward,pair_00051,,,316505,0,matched
nw,250,250,1002,mutated,0.050000,0.000505316,0.000503700,220,1,1424,ok,synthetic_mutated,2,forward,pair_00051,,,316505,0,matched
nw,250,250,1003,mutated,0.050000,0.000535818,0.000533900,217,1,1424,ok,synthetic_mutated,3,forward,pair_00052,,,316505,0,matched
hirschberg,250,250,1003,mutated,0.050000,0.000871428,0.000869800,217,1,1280,ok,synthetic_mutated,3,forward,pair_00052,,,316505,0,matched
hirschberg,250,250,1004,mutated,0.050000,0.000807526,0.000806100,217,1,1280,ok,synthetic_mutated,4,forward,pair_00053,,,316505,0,matched
nw,250,250,1004,mutated,0.050000,0.000481516,0.000480200,217,1,1424,ok,synthetic_mutated,4,forward,pair_00053,,,316505,0,matched
nw,250,250,1005,mutated,0.050000,0.000509316,0.000506400,217,1,1424,ok,synthetic_mutated,5,forward,pair_00054,,,316505,0,matched
hirschberg,250,250,1005,mutated,0.050000,0.000846928,0.000843800,217,1,1280,ok,synthetic_mutated,5,forward,pair_00054,,,316505,0,matched
hirschberg,250,250,1006,mutated,0.050000,0.000947631,0.000945100,226,1,1280,ok,synthetic_mutated,6,forward,pair_00055,,,316505,0,matched
nw,250,250,1006,mutated,0.050000,0.000631220,0.000628700,226,1,1424,ok,synthetic_mutated,6,forward,pair_00055,,,316505,0,matched
nw,250,250,1007,mutated,0.050000,0.000530317,0.000528500,220,1,1424,ok,synthetic_mutated,7,forward,pair_00056,,,316505,0,matched
hirschberg,250,250,1007,mutated,0.050000,0.001278242,0.001275700,220,1,1280,ok,synthetic_mutated,7,forward,pair_00056,,,316505,0,matched
nw,500,500,1001,mutated,0.050000,0.002666786,0.002664400,456,1,2304,ok,synthetic_mutated,1,forward,pair_00057,,,1258005,0,matched
hirschberg,500,500,1001,mutated,0.050000,0.003959828,0.003954900,456,1,1280,ok,synthetic_mutated,1,forward,pair_00057,,,1258005,0,matched
hirschberg,500,500,1002,mutated,0.050000,0.003174303,0.003172200,442,1,1280,ok,synthetic_mutated,2,forward,pair_00058,,,1258005,0,matched
nw,500,500,1002,mutated,0.050000,0.002379577,0.002377800,442,1,2304,ok,synthetic_mutated,2,forward,pair_00058,,,1258005,0,matched
nw,500,500,1003,mutated,0.050000,0.002212771,0.002210000,445,1,2304,ok,synthetic_mutated,3,forward,pair_00059,,,1258005,0,matched
hirschberg,500,500,1003,mutated,0.050000,0.003718320,0.003716200,445,1,1280,ok,synthetic_mutated,3,forward,pair_00059,,,1258005,0,matched
hirschberg,500,500,1004,mutated,0.050000,0.003708120,0.003705900,472,1,1280,ok,synthetic_mutated,4,forward,pair_00060,,,1258005,0,matched
nw,500,500,1004,mutated,0.050000,0.001903262,0.001901700,472,1,2304,ok,synthetic_mutated,4,forward,pair_00060,,,1258005,0,matched
nw,500,500,1005,mutated,0.050000,0.002648186,0.002646200,456,1,2304,ok,synthetic_mutated,5,forward,pair_00061,,,1258005,0,matched
hirschberg,500,500,1005,mutated,0.050000,0.003105101,0.003103300,456,1,1280,ok,synthetic_mutated,5,forward,pair_00061,,,1258005,0,matched
hirschberg,500,500,1006,mutated,0.050000,0.003239105,0.003235500,458,1,1280,ok,synthetic_mutated,6,forward,pair_00062,,,1258005,0,matched
nw,500,500,1006,mutated,0.050000,0.001941463,0.001939400,458,1,2304,ok,synthetic_mutated,6,forward,pair_00062,,,1258005,0,matched
nw,500,500,1007,mutated,0.050000,0.002077667,0.002075800,453,1,2304,ok,synthetic_mutated,7,forward,pair_00063,,,1258005,0,matched
hirschberg,500,500,1007,mutated,0.050000,0.004285339,0.004283000,453,1,1280,ok,synthetic_mutated,7,forward,pair_00063,,,1258005,0,matched
nw,1000,1000,1001,mutated,0.050000,0.008799585,0.008795600,911,1,5888,ok,synthetic_mutated,1,forward,pair_00064,,,5016005,0,matched
hirschberg,1000,1000,1001,mutated,0.050000,0.014538871,0.014536400,911,1,1280,ok,synthetic_mutated,1,forward,pair_00064,,,5016005,0,matched
hirschberg,1000,1000,1002,mutated,0.050000,0.015587205,0.015583200,914,1,1280,ok,synthetic_mutated,2,forward,pair_00065,,,5016005,0,matched
nw,1000,1000,1002,mutated,0.050000,0.009253400,0.009249400,914,1,5888,ok,synthetic_mutated,2,forward,pair_00065,,,5016005,0,matched
nw,1000,1000,1003,mutated,0.050000,0.008700082,0.008696700,906,1,5888,ok,synthetic_mutated,3,forward,pair_00066,,,5016005,0,matched
hirschberg,1000,1000,1003,mutated,0.050000,0.013106124,0.013103300,906,1,1280,ok,synthetic_mutated,3,forward,pair_00066,,,5016005,0,matched
hirschberg,1000,1000,1004,mutated,0.050000,0.015719209,0.015715800,902,1,1280,ok,synthetic_mutated,4,forward,pair_00067,,,5016005,0,matched
nw,1000,1000,1004,mutated,0.050000,0.009994524,0.009990900,902,1,5888,ok,synthetic_mutated,4,forward,pair_00067,,,5016005,0,matched
nw,1000,1000,1005,mutated,0.050000,0.010377536,0.010373200,889,1,5888,ok,synthetic_mutated,5,forward,pair_00068,,,5016005,0,matched
hirschberg,1000,1000,1005,mutated,0.050000,0.014805579,0.014772500,889,1,1280,ok,synthetic_mutated,5,forward,pair_00068,,,5016005,0,matched
hirschberg,1000,1000,1006,mutated,0.050000,0.014674675,0.014672300,899,1,1280,ok,synthetic_mutated,6,forward,pair_00069,,,5016005,0,matched
nw,1000,1000,1006,mutated,0.050000,0.010393037,0.010390900,899,1,5888,ok,synthetic_mutated,6,forward,pair_00069,,,5016005,0,matched
nw,1000,1000,1007,mutated,0.050000,0.009647312,0.009643100,921,1,5888,ok,synthetic_mutated,7,forward,pair_00070,,,5016005,0,matched
hirschberg,1000,1000,1007,mutated,0.050000,0.013549439,0.013546600,921,1,1280,ok,synthetic_mutated,7,forward,pair_00070,,,5016005,0,matched
nw,2000,2000,1001,mutated,0.050000,0.042498377,0.042494500,1805,1,20608,ok,synthetic_mutated,1,forward,pair_00071,,,20032005,0,matched
hirschberg,2000,2000,1001,mutated,0.050000,0.066826465,0.066811700,1805,1,1408,ok,synthetic_mutated,1,forward,pair_00071,,,20032005,0,matched
hirschberg,2000,2000,1002,mutated,0.050000,0.057661203,0.057655000,1769,1,1280,ok,synthetic_mutated,2,forward,pair_00072,,,20032005,0,matched
nw,2000,2000,1002,mutated,0.050000,0.062354890,0.062349000,1769,1,20608,ok,synthetic_mutated,2,forward,pair_00072,,,20032005,0,matched
nw,2000,2000,1003,mutated,0.050000,0.043162647,0.043142900,1791,1,20608,ok,synthetic_mutated,3,forward,pair_00073,,,20032005,0,matched
hirschberg,2000,2000,1003,mutated,0.050000,0.071411494,0.071405700,1791,1,1280,ok,synthetic_mutated,3,forward,pair_00073,,,20032005,0,matched
hirschberg,2000,2000,1004,mutated,0.050000,0.058504162,0.058499400,1833,1,1408,ok,synthetic_mutated,4,forward,pair_00074,,,20032005,0,matched
nw,2000,2000,1004,mutated,0.050000,0.038567993,0.038563800,1833,1,20608,ok,synthetic_mutated,4,forward,pair_00074,,,20032005,0,matched
nw,2000,2000,1005,mutated,0.050000,0.044312385,0.044306200,1826,1,20608,ok,synthetic_mutated,5,forward,pair_00075,,,20032005,0,matched
hirschberg,2000,2000,1005,mutated,0.050000,0.060419526,0.060405100,1826,1,1408,ok,synthetic_mutated,5,forward,pair_00075,,,20032005,0,matched
hirschberg,2000,2000,1006,mutated,0.050000,0.053795603,0.053789200,1812,1,1408,ok,synthetic_mutated,6,forward,pair_00076,,,20032005,0,matched
nw,2000,2000,1006,mutated,0.050000,0.043805669,0.043800600,1812,1,20608,ok,synthetic_mutated,6,forward,pair_00076,,,20032005,0,matched
nw,2000,2000,1007,mutated,0.050000,0.039737532,0.039733200,1810,1,20608,ok,synthetic_mutated,7,forward,pair_00077,,,20032005,0,matched
hirschberg,2000,2000,1007,mutated,0.050000,0.058268053,0.058244700,1810,1,1280,ok,synthetic_mutated,7,forward,pair_00077,,,20032005,0,matched
nw,4000,4000,1001,mutated,0.050000,0.187496986,0.187424200,3602,1,79232,ok,synthetic_mutated,1,forward,pair_00078,,,80064005,0,matched
hirschberg,4000,4000,1001,mutated,0.050000,0.247886113,0.247860700,3602,1,1408,ok,synthetic_mutated,1,forward,pair_00078,,,80064005,0,matched
hirschberg,4000,4000,1002,mutated,0.050000,0.238335857,0.238324500,3648,1,1408,ok,synthetic_mutated,2,forward,pair_00079,,,80064005,0,matched
nw,4000,4000,1002,mutated,0.050000,0.200169435,0.200159100,3648,1,79232,ok,synthetic_mutated,2,forward,pair_00079,,,80064005,0,matched
nw,4000,4000,1003,mutated,0.050000,0.180271246,0.180243700,3605,1,79232,ok,synthetic_mutated,3,forward,pair_00080,,,80064005,0,matched
hirschberg,4000,4000,1003,mutated,0.050000,0.242779912,0.242758300,3605,1,1408,ok,synthetic_mutated,3,forward,pair_00080,,,80064005,0,matched
hirschberg,4000,4000,1004,mutated,0.050000,0.244460426,0.244446900,3644,1,1408,ok,synthetic_mutated,4,forward,pair_00081,,,80064005,0,matched
nw,4000,4000,1004,mutated,0.050000,0.158643274,0.158633600,3644,1,79232,ok,synthetic_mutated,4,forward,pair_00081,,,80064005,0,matched
nw,4000,4000,1005,mutated,0.050000,0.183186452,0.183176100,3603,1,79232,ok,synthetic_mutated,5,forward,pair_00082,,,80064005,0,matched
hirschberg,4000,4000,1005,mutated,0.050000,0.225214844,0.225151600,3603,1,1408,ok,synthetic_mutated,5,forward,pair_00082,,,80064005,0,matched
hirschberg,4000,4000,1006,mutated,0.050000,0.262554134,0.262386200,3639,1,1408,ok,synthetic_mutated,6,forward,pair_00083,,,80064005,0,matched
nw,4000,4000,1006,mutated,0.050000,0.222836983,0.222678500,3639,1,79232,ok,synthetic_mutated,6,forward,pair_00083,,,80064005,0,matched
nw,4000,4000,1007,mutated,0.050000,0.182644658,0.182582800,3600,1,79232,ok,synthetic_mutated,7,forward,pair_00084,,,80064005,0,matched
hirschberg,4000,4000,1007,mutated,0.050000,0.248342338,0.248273900,3600,1,1408,ok,synthetic_mutated,7,forward,pair_00084,,,80064005,0,matched
nw,8000,8000,1001,mutated,0.050000,0.983114251,0.983041700,7182,1,313728,ok,synthetic_mutated,1,forward,pair_00085,,,320128005,0,matched
hirschberg,8000,8000,1001,mutated,0.050000,0.983020330,0.983026900,7182,1,1408,ok,synthetic_mutated,1,forward,pair_00085,,,320128005,0,matched
hirschberg,8000,8000,1002,mutated,0.050000,0.956534531,0.956151100,7215,1,1408,ok,synthetic_mutated,2,forward,pair_00086,,,320128005,0,matched
nw,8000,8000,1002,mutated,0.050000,0.972758180,0.972718100,7215,1,313728,ok,synthetic_mutated,2,forward,pair_00086,,,320128005,0,matched
nw,8000,8000,1003,mutated,0.050000,0.777503440,0.777390000,7227,1,313600,ok,synthetic_mutated,3,forward,pair_00087,,,320128005,0,matched
hirschberg,8000,8000,1003,mutated,0.050000,0.941516290,0.941454100,7227,1,1408,ok,synthetic_mutated,3,forward,pair_00087,,,320128005,0,matched
hirschberg,8000,8000,1004,mutated,0.050000,0.945947309,0.933743300,7152,1,1408,ok,synthetic_mutated,4,forward,pair_00088,,,320128005,0,matched
nw,8000,8000,1004,mutated,0.050000,0.975655202,0.975658400,7152,1,313600,ok,synthetic_mutated,4,forward,pair_00088,,,320128005,0,matched
nw,8000,8000,1005,mutated,0.050000,0.811318285,0.811363700,7193,1,313728,ok,synthetic_mutated,5,forward,pair_00089,,,320128005,0,matched
hirschberg,8000,8000,1005,mutated,0.050000,0.900060786,0.900032500,7193,1,1408,ok,synthetic_mutated,5,forward,pair_00089,,,320128005,0,matched
hirschberg,8000,8000,1006,mutated,0.050000,0.899334606,0.899337700,7224,1,1408,ok,synthetic_mutated,6,forward,pair_00090,,,320128005,0,matched
nw,8000,8000,1006,mutated,0.050000,0.863865570,0.863811400,7224,1,313600,ok,synthetic_mutated,6,forward,pair_00090,,,320128005,0,matched
nw,8000,8000,1007,mutated,0.050000,0.890433169,0.890379500,7216,1,313600,ok,synthetic_mutated,7,forward,pair_00091,,,320128005,0,matched
hirschberg,8000,8000,1007,mutated,0.050000,0.919670237,0.919471800,7216,1,1408,ok,synthetic_mutated,7,forward,pair_00091,,,320128005,0,matched
nw,12000,12000,1001,mutated,0.050000,2.438356791,2.438249500,10821,1,704384,ok,synthetic_mutated,1,forward,pair_00092,,,720192005,0,matched
hirschberg,12000,12000,1001,mutated,0.050000,2.062247597,2.062318600,10821,1,1536,ok,synthetic_mutated,1,forward,pair_00092,,,720192005,0,matched
hirschberg,12000,12000,1002,mutated,0.050000,2.134786102,2.134699800,10771,1,1536,ok,synthetic_mutated,2,forward,pair_00093,,,720192005,0,matched
nw,12000,12000,1002,mutated,0.050000,2.463064856,2.462841600,10771,1,704384,ok,synthetic_mutated,2,forward,pair_00093,,,720192005,0,matched
nw,12000,12000,1003,mutated,0.050000,1.684617808,1.684494500,10775,1,704384,ok,synthetic_mutated,3,forward,pair_00094,,,720192005,0,matched
hirschberg,12000,12000,1003,mutated,0.050000,2.005486618,2.000458600,10775,1,1408,ok,synthetic_mutated,3,forward,pair_00094,,,720192005,0,matched
hirschberg,12000,12000,1004,mutated,0.050000,2.055521634,2.055423900,10813,1,1536,ok,synthetic_mutated,4,forward,pair_00095,,,720192005,0,matched
nw,12000,12000,1004,mutated,0.050000,2.181993786,2.181899200,10813,1,704384,ok,synthetic_mutated,4,forward,pair_00095,,,720192005,0,matched
nw,12000,12000,1005,mutated,0.050000,1.506832548,1.506789300,10815,1,704384,ok,synthetic_mutated,5,forward,pair_00096,,,720192005,0,matched
hirschberg,12000,12000,1005,mutated,0.050000,1.751128354,1.748785200,10815,1,1536,ok,synthetic_mutated,5,forward,pair_00096,,,720192005,0,matched
hirschberg,12000,12000,1006,mutated,0.050000,1.953600395,1.953575400,10918,1,1536,ok,synthetic_mutated,6,forward,pair_00097,,,720192005,0,matched
nw,12000,12000,1006,mutated,0.050000,2.126693253,2.126580700,10918,1,704384,ok,synthetic_mutated,6,forward,pair_00097,,,720192005,0,matched
nw,12000,12000,1007,mutated,0.050000,1.685779374,1.685461300,10775,1,704384,ok,synthetic_mutated,7,forward,pair_00098,,,720192005,0,matched
hirschberg,12000,12000,1007,mutated,0.050000,2.226037924,2.223642000,10775,1,1536,ok,synthetic_mutated,7,forward,pair_00098,,,720192005,0,matched
nw,250,250,1001,identical,0.000000,0.000473874,0.000471600,250,1,1424,ok,synthetic_identical,1,forward,pair_00099,,,316505,0,matched
hirschberg,250,250,1001,identical,0.000000,0.000798357,0.000796400,250,1,1280,ok,synthetic_identical,1,forward,pair_00099,,,316505,0,matched
hirschberg,250,250,1002,identical,0.000000,0.000804857,0.000803100,250,1,1280,ok,synthetic_identical,2,forward,pair_00100,,,316505,0,matched
nw,250,250,1002,identical,0.000000,0.000481074,0.000478800,250,1,1424,ok,synthetic_identical,2,forward,pair_00100,,,316505,0,matched
nw,250,250,1003,identical,0.000000,0.000893452,0.000889000,250,1,1488,ok,synthetic_identical,3,forward,pair_00101,,,316505,0,matched
hirschberg,250,250,1003,identical,0.000000,0.000857754,0.000856100,250,1,1280,ok,synthetic_identical,3,forward,pair_00101,,,316505,0,matched
hirschberg,250,250,1004,identical,0.000000,0.000800157,0.000798600,250,1,1280,ok,synthetic_identical,4,forward,pair_00102,,,316505,0,matched
nw,250,250,1004,identical,0.000000,0.000581369,0.000579100,250,1,1424,ok,synthetic_identical,4,forward,pair_00102,,,316505,0,matched
nw,250,250,1005,identical,0.000000,0.000596168,0.000593600,250,1,1424,ok,synthetic_identical,5,forward,pair_00103,,,316505,0,matched
hirschberg,250,250,1005,identical,0.000000,0.000994946,0.000993100,250,1,1280,ok,synthetic_identical,5,forward,pair_00103,,,316505,0,matched
hirschberg,250,250,1006,identical,0.000000,0.001076242,0.001073300,250,1,1280,ok,synthetic_identical,6,forward,pair_00104,,,316505,0,matched
nw,250,250,1006,identical,0.000000,0.000611467,0.000609400,250,1,1424,ok,synthetic_identical,6,forward,pair_00104,,,316505,0,matched
nw,250,250,1007,identical,0.000000,0.000482374,0.000480700,250,1,1424,ok,synthetic_identical,7,forward,pair_00105,,,316505,0,matched
hirschberg,250,250,1007,identical,0.000000,0.000787958,0.000786300,250,1,1280,ok,synthetic_identical,7,forward,pair_00105,,,316505,0,matched
nw,500,500,1001,identical,0.000000,0.001964294,0.001962700,500,1,2304,ok,synthetic_identical,1,forward,pair_00106,,,1258005,0,matched
hirschberg,500,500,1001,identical,0.000000,0.003375619,0.003372900,500,1,1280,ok,synthetic_identical,1,forward,pair_00106,,,1258005,0,matched
hirschberg,500,500,1002,identical,0.000000,0.003103634,0.003102300,500,1,1280,ok,synthetic_identical,2,forward,pair_00107,,,1258005,0,matched
nw,500,500,1002,identical,0.000000,0.002119386,0.002116200,500,1,2304,ok,synthetic_identical,2,forward,pair_00107,,,1258005,0,matched
nw,500,500,1003,identical,0.000000,0.001905198,0.001903200,500,1,2304,ok,synthetic_identical,3,forward,pair_00108,,,1258005,0,matched
hirschberg,500,500,1003,identical,0.000000,0.003151931,0.003150100,500,1,1280,ok,synthetic_identical,3,forward,pair_00108,,,1258005,0,matched
hirschberg,500,500,1004,identical,0.000000,0.003172130,0.003170400,500,1,1280,ok,synthetic_identical,4,forward,pair_00109,,,1258005,0,matched
nw,500,500,1004,identical,0.000000,0.001860600,0.001859300,500,1,2304,ok,synthetic_identical,4,forward,pair_00109,,,1258005,0,matched
nw,500,500,1005,identical,0.000000,0.001999892,0.001998300,500,1,2304,ok,synthetic_identical,5,forward,pair_00110,,,1258005,0,matched
hirschberg,500,500,1005,identical,0.000000,0.003153030,0.003150200,500,1,1280,ok,synthetic_identical,5,forward,pair_00110,,,1258005,0,matched
hirschberg,500,500,1006,identical,0.000000,0.004291270,0.004289800,500,1,1280,ok,synthetic_identical,6,forward,pair_00111,,,1258005,0,matched
nw,500,500,1006,identical,0.000000,0.002032091,0.002030500,500,1,2304,ok,synthetic_identical,6,forward,pair_00111,,,1258005,0,matched
nw,500,500,1007,identical,0.000000,0.001948496,0.001946600,500,1,2304,ok,synthetic_identical,7,forward,pair_00112,,,1258005,0,matched
hirschberg,500,500,1007,identical,0.000000,0.003224927,0.003223200,500,1,1280,ok,synthetic_identical,7,forward,pair_00112,,,1258005,0,matched
nw,1000,1000,1001,identical,0.000000,0.009903269,0.009861200,1000,1,5888,ok,synthetic_identical,1,forward,pair_00113,,,5016005,0,matched
hirschberg,1000,1000,1001,identical,0.000000,0.013041500,0.013039800,1000,1,1280,ok,synthetic_identical,1,forward,pair_00113,,,5016005,0,matched
hirschberg,1000,1000,1002,identical,0.000000,0.018086830,0.018084900,1000,1,1280,ok,synthetic_identical,2,forward,pair_00114,,,5016005,0,matched
nw,1000,1000,1002,identical,0.000000,0.019824636,0.013989700,1000,1,5888,ok,synthetic_identical,2,forward,pair_00114,,,5016005,0,matched
nw,1000,1000,1003,identical,0.000000,0.013001903,0.012999000,1000,1,5888,ok,synthetic_identical,3,forward,pair_00115,,,5016005,0,matched
hirschberg,1000,1000,1003,identical,0.000000,0.015602463,0.015583500,1000,1,1280,ok,synthetic_identical,3,forward,pair_00115,,,5016005,0,matched
hirschberg,1000,1000,1004,identical,0.000000,0.013091898,0.013089500,1000,1,1280,ok,synthetic_identical,4,forward,pair_00116,,,5016005,0,matched
nw,1000,1000,1004,identical,0.000000,0.008679734,0.008676300,1000,1,5888,ok,synthetic_identical,4,forward,pair_00116,,,5016005,0,matched
nw,1000,1000,1005,identical,0.000000,0.009319100,0.009317200,1000,1,5888,ok,synthetic_identical,5,forward,pair_00117,,,5016005,0,matched
hirschberg,1000,1000,1005,identical,0.000000,0.015846950,0.015821900,1000,1,1280,ok,synthetic_identical,5,forward,pair_00117,,,5016005,0,matched
hirschberg,1000,1000,1006,identical,0.000000,0.016199231,0.016193800,1000,1,1280,ok,synthetic_identical,6,forward,pair_00118,,,5016005,0,matched
nw,1000,1000,1006,identical,0.000000,0.013894955,0.013893400,1000,1,5888,ok,synthetic_identical,6,forward,pair_00118,,,5016005,0,matched
nw,1000,1000,1007,identical,0.000000,0.008923821,0.008850800,1000,1,5888,ok,synthetic_identical,7,forward,pair_00119,,,5016005,0,matched
hirschberg,1000,1000,1007,identical,0.000000,0.015111790,0.015110200,1000,1,1280,ok,synthetic_identical,7,forward,pair_00119,,,5016005,0,matched
nw,2000,2000,1001,identical,0.000000,0.037280400,0.037264800,2000,1,20608,ok,synthetic_identical,1,forward,pair_00120,,,20032005,0,matched
hirschberg,2000,2000,1001,identical,0.000000,0.061064124,0.061054100,2000,1,1280,ok,synthetic_identical,1,forward,pair_00120,,,20032005,0,matched
hirschberg,2000,2000,1002,identical,0.000000,0.057785100,0.057785800,2000,1,1408,ok,synthetic_identical,2,forward,pair_00121,,,20032005,0,matched
nw,2000,2000,1002,identical,0.000000,0.039656873,0.039656000,2000,1,20608,ok,synthetic_identical,2,forward,pair_00121,,,20032005,0,matched
nw,2000,2000,1003,identical,0.000000,0.039600975,0.039601200,2000,1,20608,ok,synthetic_identical,3,forward,pair_00122,,,20032005,0,matched
hirschberg,2000,2000,1003,identical,0.000000,0.061097271,0.061095600,2000,1,1280,ok,synthetic_identical,3,forward,pair_00122,,,20032005,0,matched
hirschberg,2000,2000,1004,identical,0.000000,0.056452953,0.056434100,2000,1,1280,ok,synthetic_identical,4,forward,pair_00123,,,20032005,0,matched
nw,2000,2000,1004,identical,0.000000,0.042422592,0.042371600,2000,1,20608,ok,synthetic_identical,4,forward,pair_00123,,,20032005,0,matched
nw,2000,2000,1005,identical,0.000000,0.038310286,0.038284400,2000,1,20608,ok,synthetic_identical,5,forward,pair_00124,,,20032005,0,matched
hirschberg,2000,2000,1005,identical,0.000000,0.062105104,0.062099500,2000,1,1280,ok,synthetic_identical,5,forward,pair_00124,,,20032005,0,matched
hirschberg,2000,2000,1006,identical,0.000000,0.056983620,0.056978000,2000,1,1280,ok,synthetic_identical,6,forward,pair_00125,,,20032005,0,matched
nw,2000,2000,1006,identical,0.000000,0.036421371,0.036416500,2000,1,20608,ok,synthetic_identical,6,forward,pair_00125,,,20032005,0,matched
nw,2000,2000,1007,identical,0.000000,0.036158864,0.036154400,2000,1,20608,ok,synthetic_identical,7,forward,pair_00126,,,20032005,0,matched
hirschberg,2000,2000,1007,identical,0.000000,0.053243920,0.053238400,2000,1,1280,ok,synthetic_identical,7,forward,pair_00126,,,20032005,0,matched
nw,4000,4000,1001,identical,0.000000,0.155637851,0.155630200,4000,1,79232,ok,synthetic_identical,1,forward,pair_00127,,,80064005,0,matched
hirschberg,4000,4000,1001,identical,0.000000,0.219112845,0.219101200,4000,1,1408,ok,synthetic_identical,1,forward,pair_00127,,,80064005,0,matched
hirschberg,4000,4000,1002,identical,0.000000,0.233074617,0.233054200,4000,1,1408,ok,synthetic_identical,2,forward,pair_00128,,,80064005,0,matched
nw,4000,4000,1002,identical,0.000000,0.167063371,0.166995300,4000,1,79232,ok,synthetic_identical,2,forward,pair_00128,,,80064005,0,matched
nw,4000,4000,1003,identical,0.000000,0.160929443,0.160921200,4000,1,79232,ok,synthetic_identical,3,forward,pair_00129,,,80064005,0,matched
hirschberg,4000,4000,1003,identical,0.000000,0.228418706,0.228407400,4000,1,1408,ok,synthetic_identical,3,forward,pair_00129,,,80064005,0,matched
hirschberg,4000,4000,1004,identical,0.000000,0.339187765,0.339091400,4000,1,1408,ok,synthetic_identical,4,forward,pair_00130,,,80064005,0,matched
nw,4000,4000,1004,identical,0.000000,0.161195250,0.161187800,4000,1,79232,ok,synthetic_identical,4,forward,pair_00130,,,80064005,0,matched
nw,4000,4000,1005,identical,0.000000,0.156953010,0.156909000,4000,1,79232,ok,synthetic_identical,5,forward,pair_00131,,,80064005,0,matched
hirschberg,4000,4000,1005,identical,0.000000,0.264329345,0.264317400,4000,1,1408,ok,synthetic_identical,5,forward,pair_00131,,,80064005,0,matched
hirschberg,4000,4000,1006,identical,0.000000,0.258602282,0.258590200,4000,1,1408,ok,synthetic_identical,6,forward,pair_00132,,,80064005,0,matched
nw,4000,4000,1006,identical,0.000000,0.183282431,0.183263700,4000,1,79232,ok,synthetic_identical,6,forward,pair_00132,,,80064005,0,matched
nw,4000,4000,1007,identical,0.000000,0.155991553,0.155962700,4000,1,79232,ok,synthetic_identical,7,forward,pair_00133,,,80064005,0,matched
hirschberg,4000,4000,1007,identical,0.000000,0.225831536,0.225821800,4000,1,1408,ok,synthetic_identical,7,forward,pair_00133,,,80064005,0,matched
nw,8000,8000,1001,identical,0.000000,0.918012276,0.917957300,8000,1,313728,ok,synthetic_identical,1,forward,pair_00134,,,320128005,0,matched
hirschberg,8000,8000,1001,identical,0.000000,0.919249190,0.919195600,8000,1,1408,ok,synthetic_identical,1,forward,pair_00134,,,320128005,0,matched
hirschberg,8000,8000,1002,identical,0.000000,1.096288412,1.090927700,8000,1,1408,ok,synthetic_identical,2,forward,pair_00135,,,320128005,0,matched
nw,8000,8000,1002,identical,0.000000,0.852927162,0.852800000,8000,1,313600,ok,synthetic_identical,2,forward,pair_00135,,,320128005,0,matched
nw,8000,8000,1003,identical,0.000000,0.673181258,0.673185100,8000,1,313728,ok,synthetic_identical,3,forward,pair_00136,,,320128005,0,matched
hirschberg,8000,8000,1003,identical,0.000000,0.977503643,0.977448100,8000,1,1408,ok,synthetic_identical,3,forward,pair_00136,,,320128005,0,matched
hirschberg,8000,8000,1004,identical,0.000000,0.921735644,0.921694200,8000,1,1408,ok,synthetic_identical,4,forward,pair_00137,,,320128005,0,matched
nw,8000,8000,1004,identical,0.000000,0.817305724,0.816676400,8000,1,313728,ok,synthetic_identical,4,forward,pair_00137,,,320128005,0,matched
nw,8000,8000,1005,identical,0.000000,0.698195204,0.698100100,8000,1,313600,ok,synthetic_identical,5,forward,pair_00138,,,320128005,0,matched
hirschberg,8000,8000,1005,identical,0.000000,0.948522252,0.948491400,8000,1,1408,ok,synthetic_identical,5,forward,pair_00138,,,320128005,0,matched
hirschberg,8000,8000,1006,identical,0.000000,0.924504429,0.924479300,8000,1,1408,ok,synthetic_identical,6,forward,pair_00139,,,320128005,0,matched
nw,8000,8000,1006,identical,0.000000,0.862156858,0.862202500,8000,1,313728,ok,synthetic_identical,6,forward,pair_00139,,,320128005,0,matched
nw,8000,8000,1007,identical,0.000000,0.777964314,0.765639500,8000,1,313728,ok,synthetic_identical,7,forward,pair_00140,,,320128005,0,matched
hirschberg,8000,8000,1007,identical,0.000000,0.970397419,0.970319900,8000,1,1408,ok,synthetic_identical,7,forward,pair_00140,,,320128005,0,matched
nw,12000,12000,1001,identical,0.000000,2.067474926,2.067294100,12000,1,704384,ok,synthetic_identical,1,forward,pair_00141,,,720192005,0,matched
hirschberg,12000,12000,1001,identical,0.000000,2.169186743,2.169056200,12000,1,1536,ok,synthetic_identical,1,forward,pair_00141,,,720192005,0,matched
hirschberg,12000,12000,1002,identical,0.000000,2.515238583,2.515237700,12000,1,1536,ok,synthetic_identical,2,forward,pair_00142,,,720192005,0,matched
nw,12000,12000,1002,identical,0.000000,2.049412887,2.049424800,12000,1,704384,ok,synthetic_identical,2,forward,pair_00142,,,720192005,0,matched
nw,12000,12000,1003,identical,0.000000,1.772339655,1.772239900,12000,1,704384,ok,synthetic_identical,3,forward,pair_00143,,,720192005,0,matched
hirschberg,12000,12000,1003,identical,0.000000,2.161234387,2.161148900,12000,1,1536,ok,synthetic_identical,3,forward,pair_00143,,,720192005,0,matched
hirschberg,12000,12000,1004,identical,0.000000,2.169150905,2.169085100,12000,1,1536,ok,synthetic_identical,4,forward,pair_00144,,,720192005,0,matched
nw,12000,12000,1004,identical,0.000000,2.452873403,2.452600300,12000,1,704384,ok,synthetic_identical,4,forward,pair_00144,,,720192005,0,matched
nw,12000,12000,1005,identical,0.000000,1.594253332,1.594158000,12000,1,704384,ok,synthetic_identical,5,forward,pair_00145,,,720192005,0,matched
hirschberg,12000,12000,1005,identical,0.000000,2.163958490,2.150382500,12000,1,1536,ok,synthetic_identical,5,forward,pair_00145,,,720192005,0,matched
hirschberg,12000,12000,1006,identical,0.000000,2.528341788,2.528374100,12000,1,1536,ok,synthetic_identical,6,forward,pair_00146,,,720192005,0,matched
nw,12000,12000,1006,identical,0.000000,2.373702131,2.373678700,12000,1,704384,ok,synthetic_identical,6,forward,pair_00146,,,720192005,0,matched
nw,12000,12000,1007,identical,0.000000,1.876033541,1.875725100,12000,1,704384,ok,synthetic_identical,7,forward,pair_00147,,,720192005,0,matched
hirschberg,12000,12000,1007,identical,0.000000,2.373700471,2.373662900,12000,1,1536,ok,synthetic_identical,7,forward,pair_00147,,,720192005,0,matched
nw,1000,10000,1101,random,0.000000,0.117481102,0.117482000,-8000,1,49920,ok,synthetic_rectangle,1,forward,pair_00148,,,50088005,0,matched
hirschberg,1000,10000,1101,random,0.000000,0.201641624,0.201641900,-8000,1,1408,ok,synthetic_rectangle,1,forward,pair_00148,,,50088005,0,matched
nw,10000,1000,1101,random,0.000000,0.119828216,0.119814200,-8000,1,49920,ok,synthetic_rectangle,1,reverse,pair_00149,,,50088005,0,matched
hirschberg,10000,1000,1101,random,0.000000,0.177015725,0.177000000,-8000,1,1408,ok,synthetic_rectangle,1,reverse,pair_00149,,,50088005,0,matched
hirschberg,1000,10000,1102,random,0.000000,0.150083210,0.150083500,-8000,1,1408,ok,synthetic_rectangle,2,forward,pair_00150,,,50088005,0,matched
nw,1000,10000,1102,random,0.000000,0.113018966,0.112983800,-8000,1,49920,ok,synthetic_rectangle,2,forward,pair_00150,,,50088005,0,matched
hirschberg,10000,1000,1102,random,0.000000,0.152917110,0.152915500,-8000,1,1408,ok,synthetic_rectangle,2,reverse,pair_00151,,,50088005,0,matched
nw,10000,1000,1102,random,0.000000,0.098595071,0.098594100,-8000,1,49920,ok,synthetic_rectangle,2,reverse,pair_00151,,,50088005,0,matched
nw,1000,10000,1103,random,0.000000,0.136234623,0.136234600,-8000,1,49920,ok,synthetic_rectangle,3,forward,pair_00152,,,50088005,0,matched
hirschberg,1000,10000,1103,random,0.000000,0.167088419,0.167066100,-8000,1,1408,ok,synthetic_rectangle,3,forward,pair_00152,,,50088005,0,matched
nw,10000,1000,1103,random,0.000000,0.107286460,0.107286100,-8000,1,49920,ok,synthetic_rectangle,3,reverse,pair_00153,,,50088005,0,matched
hirschberg,10000,1000,1103,random,0.000000,0.156548496,0.156542900,-8000,1,1408,ok,synthetic_rectangle,3,reverse,pair_00153,,,50088005,0,matched
hirschberg,1000,10000,1104,random,0.000000,0.188825832,0.184137600,-8000,1,1408,ok,synthetic_rectangle,4,forward,pair_00154,,,50088005,0,matched
nw,1000,10000,1104,random,0.000000,0.127286993,0.127262300,-8000,1,49920,ok,synthetic_rectangle,4,forward,pair_00154,,,50088005,0,matched
hirschberg,10000,1000,1104,random,0.000000,0.172381981,0.172329800,-8000,1,1408,ok,synthetic_rectangle,4,reverse,pair_00155,,,50088005,0,matched
nw,10000,1000,1104,random,0.000000,0.096757322,0.096749900,-8000,1,49920,ok,synthetic_rectangle,4,reverse,pair_00155,,,50088005,0,matched
nw,1000,10000,1105,random,0.000000,0.122204181,0.122185400,-8000,1,49920,ok,synthetic_rectangle,5,forward,pair_00156,,,50088005,0,matched
hirschberg,1000,10000,1105,random,0.000000,0.164770114,0.164752400,-8000,1,1408,ok,synthetic_rectangle,5,forward,pair_00156,,,50088005,0,matched
nw,10000,1000,1105,random,0.000000,0.097899248,0.097894100,-8000,1,49920,ok,synthetic_rectangle,5,reverse,pair_00157,,,50088005,0,matched
hirschberg,10000,1000,1105,random,0.000000,0.193026960,0.193004600,-8000,1,1408,ok,synthetic_rectangle,5,reverse,pair_00157,,,50088005,0,matched
hirschberg,1000,10000,1106,random,0.000000,0.161632671,0.161616900,-8000,1,1408,ok,synthetic_rectangle,6,forward,pair_00158,,,50088005,0,matched
nw,1000,10000,1106,random,0.000000,0.111299528,0.111280600,-8000,1,49920,ok,synthetic_rectangle,6,forward,pair_00158,,,50088005,0,matched
hirschberg,10000,1000,1106,random,0.000000,0.194486917,0.194473900,-8000,1,1408,ok,synthetic_rectangle,6,reverse,pair_00159,,,50088005,0,matched
nw,10000,1000,1106,random,0.000000,0.113275073,0.113243300,-8000,1,49920,ok,synthetic_rectangle,6,reverse,pair_00159,,,50088005,0,matched
nw,1000,10000,1107,random,0.000000,0.140313188,0.140216500,-8000,1,49920,ok,synthetic_rectangle,7,forward,pair_00160,,,50088005,0,matched
hirschberg,1000,10000,1107,random,0.000000,0.186565538,0.186557600,-8000,1,1408,ok,synthetic_rectangle,7,forward,pair_00160,,,50088005,0,matched
nw,10000,1000,1107,random,0.000000,0.091378732,0.091374300,-8000,1,49920,ok,synthetic_rectangle,7,reverse,pair_00161,,,50088005,0,matched
hirschberg,10000,1000,1107,random,0.000000,0.158800730,0.158749800,-8000,1,1408,ok,synthetic_rectangle,7,reverse,pair_00161,,,50088005,0,matched
nw,2000,20000,1101,random,0.000000,0.549501408,0.549470900,-16000,1,196480,ok,synthetic_rectangle,1,forward,pair_00162,,,200176005,0,matched
hirschberg,2000,20000,1101,random,0.000000,0.704901242,0.704852100,-16000,1,1408,ok,synthetic_rectangle,1,forward,pair_00162,,,200176005,0,matched
nw,20000,2000,1101,random,0.000000,0.551808836,0.551762000,-16000,1,196480,ok,synthetic_rectangle,1,reverse,pair_00163,,,200176005,0,matched
hirschberg,20000,2000,1101,random,0.000000,0.816464334,0.816422000,-16000,1,1408,ok,synthetic_rectangle,1,reverse,pair_00163,,,200176005,0,matched
hirschberg,2000,20000,1102,random,0.000000,0.636251880,0.636222400,-16000,1,1408,ok,synthetic_rectangle,2,forward,pair_00164,,,200176005,0,matched
nw,2000,20000,1102,random,0.000000,0.539986013,0.539161000,-16000,1,196480,ok,synthetic_rectangle,2,forward,pair_00164,,,200176005,0,matched
hirschberg,20000,2000,1102,random,0.000000,0.896207763,0.896221400,-16000,1,1408,ok,synthetic_rectangle,2,reverse,pair_00165,,,200176005,0,matched
nw,20000,2000,1102,random,0.000000,0.576397615,0.576395200,-16000,1,196480,ok,synthetic_rectangle,2,reverse,pair_00165,,,200176005,0,matched
nw,2000,20000,1103,random,0.000000,0.784643530,0.784658300,-16000,1,196480,ok,synthetic_rectangle,3,forward,pair_00166,,,200176005,0,matched
hirschberg,2000,20000,1103,random,0.000000,0.674748122,0.659588400,-16000,1,1408,ok,synthetic_rectangle,3,forward,pair_00166,,,200176005,0,matched
nw,20000,2000,1103,random,0.000000,0.429410749,0.429397700,-16000,1,196480,ok,synthetic_rectangle,3,reverse,pair_00167,,,200176005,0,matched
hirschberg,20000,2000,1103,random,0.000000,0.730630602,0.730606300,-16000,1,1408,ok,synthetic_rectangle,3,reverse,pair_00167,,,200176005,0,matched
hirschberg,2000,20000,1104,random,0.000000,0.777526217,0.777418200,-16000,1,1408,ok,synthetic_rectangle,4,forward,pair_00168,,,200176005,0,matched
nw,2000,20000,1104,random,0.000000,0.595711993,0.595683000,-16000,1,196480,ok,synthetic_rectangle,4,forward,pair_00168,,,200176005,0,matched
hirschberg,20000,2000,1104,random,0.000000,0.717208148,0.717050400,-16000,1,1408,ok,synthetic_rectangle,4,reverse,pair_00169,,,200176005,0,matched
nw,20000,2000,1104,random,0.000000,0.405139595,0.405114900,-16000,1,196480,ok,synthetic_rectangle,4,reverse,pair_00169,,,200176005,0,matched
nw,2000,20000,1105,random,0.000000,0.675053747,0.670639500,-16000,1,196480,ok,synthetic_rectangle,5,forward,pair_00170,,,200176005,0,matched
hirschberg,2000,20000,1105,random,0.000000,0.671160377,0.671137500,-16000,1,1408,ok,synthetic_rectangle,5,forward,pair_00170,,,200176005,0,matched
nw,20000,2000,1105,random,0.000000,0.449774723,0.449791700,-16000,1,196480,ok,synthetic_rectangle,5,reverse,pair_00171,,,200176005,0,matched
hirschberg,20000,2000,1105,random,0.000000,0.650564887,0.650557400,-16000,1,1408,ok,synthetic_rectangle,5,reverse,pair_00171,,,200176005,0,matched
hirschberg,2000,20000,1106,random,0.000000,0.764641069,0.762002800,-16000,1,1408,ok,synthetic_rectangle,6,forward,pair_00172,,,200176005,0,matched
nw,2000,20000,1106,random,0.000000,0.559927714,0.559900100,-16000,1,196480,ok,synthetic_rectangle,6,forward,pair_00172,,,200176005,0,matched
hirschberg,20000,2000,1106,random,0.000000,0.636156308,0.636112200,-16000,1,1408,ok,synthetic_rectangle,6,reverse,pair_00173,,,200176005,0,matched
nw,20000,2000,1106,random,0.000000,0.434565543,0.432706700,-16000,1,196480,ok,synthetic_rectangle,6,reverse,pair_00173,,,200176005,0,matched
nw,2000,20000,1107,random,0.000000,0.558984172,0.558960600,-16000,1,196480,ok,synthetic_rectangle,7,forward,pair_00174,,,200176005,0,matched
hirschberg,2000,20000,1107,random,0.000000,0.733983120,0.733951000,-16000,1,1408,ok,synthetic_rectangle,7,forward,pair_00174,,,200176005,0,matched
nw,20000,2000,1107,random,0.000000,0.474092293,0.473993800,-16000,1,196480,ok,synthetic_rectangle,7,reverse,pair_00175,,,200176005,0,matched
hirschberg,20000,2000,1107,random,0.000000,0.770979297,0.770954900,-16000,1,1408,ok,synthetic_rectangle,7,reverse,pair_00175,,,200176005,0,matched
nw,1514,1445,0,fasta,0.000000,0.035945876,0.035912800,892,1,11776,ok,rrna16s,1,forward,pair_00176,6bad686d54ad267cbb717bbfc998269f6f104a0fe26b996111b0c8b637c993ba,e579fae85f0fb5d84c74bf9944cb6d6f165cefa7b9257b0a4177a8098a189002,10962327,0,matched
hirschberg,1514,1445,0,fasta,0.000000,0.045488808,0.045416200,892,1,1408,ok,rrna16s,1,forward,pair_00176,6bad686d54ad267cbb717bbfc998269f6f104a0fe26b996111b0c8b637c993ba,e579fae85f0fb5d84c74bf9944cb6d6f165cefa7b9257b0a4177a8098a189002,10962327,0,matched
hirschberg,1514,1445,0,fasta,0.000000,0.037244707,0.037239500,892,1,1408,ok,rrna16s,2,forward,pair_00177,6bad686d54ad267cbb717bbfc998269f6f104a0fe26b996111b0c8b637c993ba,e579fae85f0fb5d84c74bf9944cb6d6f165cefa7b9257b0a4177a8098a189002,10962327,0,matched
nw,1514,1445,0,fasta,0.000000,0.025138012,0.025134600,892,1,11776,ok,rrna16s,2,forward,pair_00177,6bad686d54ad267cbb717bbfc998269f6f104a0fe26b996111b0c8b637c993ba,e579fae85f0fb5d84c74bf9944cb6d6f165cefa7b9257b0a4177a8098a189002,10962327,0,matched
nw,1514,1445,0,fasta,0.000000,0.027735576,0.027732300,892,1,11776,ok,rrna16s,3,forward,pair_00178,6bad686d54ad267cbb717bbfc998269f6f104a0fe26b996111b0c8b637c993ba,e579fae85f0fb5d84c74bf9944cb6d6f165cefa7b9257b0a4177a8098a189002,10962327,0,matched
hirschberg,1514,1445,0,fasta,0.000000,0.029021707,0.029017600,892,1,1408,ok,rrna16s,3,forward,pair_00178,6bad686d54ad267cbb717bbfc998269f6f104a0fe26b996111b0c8b637c993ba,e579fae85f0fb5d84c74bf9944cb6d6f165cefa7b9257b0a4177a8098a189002,10962327,0,matched
hirschberg,1514,1445,0,fasta,0.000000,0.032375489,0.032372200,892,1,1408,ok,rrna16s,4,forward,pair_00179,6bad686d54ad267cbb717bbfc998269f6f104a0fe26b996111b0c8b637c993ba,e579fae85f0fb5d84c74bf9944cb6d6f165cefa7b9257b0a4177a8098a189002,10962327,0,matched
nw,1514,1445,0,fasta,0.000000,0.025550922,0.025534000,892,1,11776,ok,rrna16s,4,forward,pair_00179,6bad686d54ad267cbb717bbfc998269f6f104a0fe26b996111b0c8b637c993ba,e579fae85f0fb5d84c74bf9944cb6d6f165cefa7b9257b0a4177a8098a189002,10962327,0,matched
nw,1514,1445,0,fasta,0.000000,0.021369020,0.021364800,892,1,11776,ok,rrna16s,5,forward,pair_00180,6bad686d54ad267cbb717bbfc998269f6f104a0fe26b996111b0c8b637c993ba,e579fae85f0fb5d84c74bf9944cb6d6f165cefa7b9257b0a4177a8098a189002,10962327,0,matched
hirschberg,1514,1445,0,fasta,0.000000,0.033938126,0.033927300,892,1,1408,ok,rrna16s,5,forward,pair_00180,6bad686d54ad267cbb717bbfc998269f6f104a0fe26b996111b0c8b637c993ba,e579fae85f0fb5d84c74bf9944cb6d6f165cefa7b9257b0a4177a8098a189002,10962327,0,matched
hirschberg,1514,1445,0,fasta,0.000000,0.032459691,0.032451800,892,1,1408,ok,rrna16s,6,forward,pair_00181,6bad686d54ad267cbb717bbfc998269f6f104a0fe26b996111b0c8b637c993ba,e579fae85f0fb5d84c74bf9944cb6d6f165cefa7b9257b0a4177a8098a189002,10962327,0,matched
nw,1514,1445,0,fasta,0.000000,0.021376521,0.021369100,892,1,11776,ok,rrna16s,6,forward,pair_00181,6bad686d54ad267cbb717bbfc998269f6f104a0fe26b996111b0c8b637c993ba,e579fae85f0fb5d84c74bf9944cb6d6f165cefa7b9257b0a4177a8098a189002,10962327,0,matched
nw,1514,1445,0,fasta,0.000000,0.021598826,0.021595600,892,1,11776,ok,rrna16s,7,forward,pair_00182,6bad686d54ad267cbb717bbfc998269f6f104a0fe26b996111b0c8b637c993ba,e579fae85f0fb5d84c74bf9944cb6d6f165cefa7b9257b0a4177a8098a189002,10962327,0,matched
hirschberg,1514,1445,0,fasta,0.000000,0.041424110,0.041419900,892,1,1408,ok,rrna16s,7,forward,pair_00182,6bad686d54ad267cbb717bbfc998269f6f104a0fe26b996111b0c8b637c993ba,e579fae85f0fb5d84c74bf9944cb6d6f165cefa7b9257b0a4177a8098a189002,10962327,0,matched
nw,9181,9031,0,fasta,0.000000,1.407950395,1.405268800,6353,1,406016,ok,hiv1,1,forward,pair_00183,2378ec953b2f8114de7343b68229bb67b0d89e68bbd91cf5547e259cfed8e962,bdf4e97948f66dbbb027950e8ff1e12823b39f3922a3f331a5ab7708dea69a15,414713756,0,matched
hirschberg,9181,9031,0,fasta,0.000000,1.398515508,1.398520400,6353,1,1536,ok,hiv1,1,forward,pair_00183,2378ec953b2f8114de7343b68229bb67b0d89e68bbd91cf5547e259cfed8e962,bdf4e97948f66dbbb027950e8ff1e12823b39f3922a3f331a5ab7708dea69a15,414713756,0,matched
hirschberg,9181,9031,0,fasta,0.000000,1.380666996,1.374882800,6353,1,1408,ok,hiv1,2,forward,pair_00184,2378ec953b2f8114de7343b68229bb67b0d89e68bbd91cf5547e259cfed8e962,bdf4e97948f66dbbb027950e8ff1e12823b39f3922a3f331a5ab7708dea69a15,414713756,0,matched
nw,9181,9031,0,fasta,0.000000,1.312524259,1.312276800,6353,1,406016,ok,hiv1,2,forward,pair_00184,2378ec953b2f8114de7343b68229bb67b0d89e68bbd91cf5547e259cfed8e962,bdf4e97948f66dbbb027950e8ff1e12823b39f3922a3f331a5ab7708dea69a15,414713756,0,matched
nw,9181,9031,0,fasta,0.000000,0.966747717,0.966706800,6353,1,406016,ok,hiv1,3,forward,pair_00185,2378ec953b2f8114de7343b68229bb67b0d89e68bbd91cf5547e259cfed8e962,bdf4e97948f66dbbb027950e8ff1e12823b39f3922a3f331a5ab7708dea69a15,414713756,0,matched
hirschberg,9181,9031,0,fasta,0.000000,1.432547675,1.432492500,6353,1,1536,ok,hiv1,3,forward,pair_00185,2378ec953b2f8114de7343b68229bb67b0d89e68bbd91cf5547e259cfed8e962,bdf4e97948f66dbbb027950e8ff1e12823b39f3922a3f331a5ab7708dea69a15,414713756,0,matched
hirschberg,9181,9031,0,fasta,0.000000,1.285834774,1.285815500,6353,1,1536,ok,hiv1,4,forward,pair_00186,2378ec953b2f8114de7343b68229bb67b0d89e68bbd91cf5547e259cfed8e962,bdf4e97948f66dbbb027950e8ff1e12823b39f3922a3f331a5ab7708dea69a15,414713756,0,matched
nw,9181,9031,0,fasta,0.000000,1.194209815,1.194164100,6353,1,406016,ok,hiv1,4,forward,pair_00186,2378ec953b2f8114de7343b68229bb67b0d89e68bbd91cf5547e259cfed8e962,bdf4e97948f66dbbb027950e8ff1e12823b39f3922a3f331a5ab7708dea69a15,414713756,0,matched
nw,9181,9031,0,fasta,0.000000,1.332360264,1.332325600,6353,1,406016,ok,hiv1,5,forward,pair_00187,2378ec953b2f8114de7343b68229bb67b0d89e68bbd91cf5547e259cfed8e962,bdf4e97948f66dbbb027950e8ff1e12823b39f3922a3f331a5ab7708dea69a15,414713756,0,matched
hirschberg,9181,9031,0,fasta,0.000000,1.373651075,1.373570300,6353,1,1536,ok,hiv1,5,forward,pair_00187,2378ec953b2f8114de7343b68229bb67b0d89e68bbd91cf5547e259cfed8e962,bdf4e97948f66dbbb027950e8ff1e12823b39f3922a3f331a5ab7708dea69a15,414713756,0,matched
hirschberg,9181,9031,0,fasta,0.000000,1.448178749,1.447940900,6353,1,1536,ok,hiv1,6,forward,pair_00188,2378ec953b2f8114de7343b68229bb67b0d89e68bbd91cf5547e259cfed8e962,bdf4e97948f66dbbb027950e8ff1e12823b39f3922a3f331a5ab7708dea69a15,414713756,0,matched
nw,9181,9031,0,fasta,0.000000,1.176980262,1.176859500,6353,1,406016,ok,hiv1,6,forward,pair_00188,2378ec953b2f8114de7343b68229bb67b0d89e68bbd91cf5547e259cfed8e962,bdf4e97948f66dbbb027950e8ff1e12823b39f3922a3f331a5ab7708dea69a15,414713756,0,matched
nw,9181,9031,0,fasta,0.000000,1.147521987,1.147502800,6353,1,406016,ok,hiv1,7,forward,pair_00189,2378ec953b2f8114de7343b68229bb67b0d89e68bbd91cf5547e259cfed8e962,bdf4e97948f66dbbb027950e8ff1e12823b39f3922a3f331a5ab7708dea69a15,414713756,0,matched
hirschberg,9181,9031,0,fasta,0.000000,1.319944653,1.318019600,6353,1,1536,ok,hiv1,7,forward,pair_00189,2378ec953b2f8114de7343b68229bb67b0d89e68bbd91cf5547e259cfed8e962,bdf4e97948f66dbbb027950e8ff1e12823b39f3922a3f331a5ab7708dea69a15,414713756,0,matched
nw,29903,29836,0,fasta,0.000000,14.060616992,14.058473500,29658,1,4357888,ok,sars_cov2,1,forward,pair_00190,b0540238e8b48a5ce25dffafb94b1a9be507b161dea2a166d09a9565381f94eb,f484fc3b9ba11e4de66b8ec3c9d32cb1b90d3015a911cfc781a1d09f226bed75,4461407457,0,matched
hirschberg,29903,29836,0,fasta,0.000000,13.496797598,13.491084400,29658,1,1560,ok,sars_cov2,1,forward,pair_00190,b0540238e8b48a5ce25dffafb94b1a9be507b161dea2a166d09a9565381f94eb,f484fc3b9ba11e4de66b8ec3c9d32cb1b90d3015a911cfc781a1d09f226bed75,4461407457,0,matched
hirschberg,29903,29836,0,fasta,0.000000,13.842214430,13.808496800,29658,1,1560,ok,sars_cov2,2,forward,pair_00191,b0540238e8b48a5ce25dffafb94b1a9be507b161dea2a166d09a9565381f94eb,f484fc3b9ba11e4de66b8ec3c9d32cb1b90d3015a911cfc781a1d09f226bed75,4461407457,0,matched
nw,29903,29836,0,fasta,0.000000,13.120481605,13.119853100,29658,1,4357888,ok,sars_cov2,2,forward,pair_00191,b0540238e8b48a5ce25dffafb94b1a9be507b161dea2a166d09a9565381f94eb,f484fc3b9ba11e4de66b8ec3c9d32cb1b90d3015a911cfc781a1d09f226bed75,4461407457,0,matched
nw,29903,29836,0,fasta,0.000000,11.523995184,11.523455800,29658,1,4357888,ok,sars_cov2,3,forward,pair_00192,b0540238e8b48a5ce25dffafb94b1a9be507b161dea2a166d09a9565381f94eb,f484fc3b9ba11e4de66b8ec3c9d32cb1b90d3015a911cfc781a1d09f226bed75,4461407457,0,matched
hirschberg,29903,29836,0,fasta,0.000000,12.718615854,12.718207700,29658,1,1728,ok,sars_cov2,3,forward,pair_00192,b0540238e8b48a5ce25dffafb94b1a9be507b161dea2a166d09a9565381f94eb,f484fc3b9ba11e4de66b8ec3c9d32cb1b90d3015a911cfc781a1d09f226bed75,4461407457,0,matched
hirschberg,29903,29836,0,fasta,0.000000,12.869951165,12.869630200,29658,1,1724,ok,sars_cov2,4,forward,pair_00193,b0540238e8b48a5ce25dffafb94b1a9be507b161dea2a166d09a9565381f94eb,f484fc3b9ba11e4de66b8ec3c9d32cb1b90d3015a911cfc781a1d09f226bed75,4461407457,0,matched
nw,29903,29836,0,fasta,0.000000,12.233187511,12.232499400,29658,1,4357888,ok,sars_cov2,4,forward,pair_00193,b0540238e8b48a5ce25dffafb94b1a9be507b161dea2a166d09a9565381f94eb,f484fc3b9ba11e4de66b8ec3c9d32cb1b90d3015a911cfc781a1d09f226bed75,4461407457,0,matched
nw,29903,29836,0,fasta,0.000000,11.138146810,11.092338900,29658,1,4357760,ok,sars_cov2,5,forward,pair_00194,b0540238e8b48a5ce25dffafb94b1a9be507b161dea2a166d09a9565381f94eb,f484fc3b9ba11e4de66b8ec3c9d32cb1b90d3015a911cfc781a1d09f226bed75,4461407457,0,matched
hirschberg,29903,29836,0,fasta,0.000000,12.959151361,12.958511100,29658,1,1724,ok,sars_cov2,5,forward,pair_00194,b0540238e8b48a5ce25dffafb94b1a9be507b161dea2a166d09a9565381f94eb,f484fc3b9ba11e4de66b8ec3c9d32cb1b90d3015a911cfc781a1d09f226bed75,4461407457,0,matched
hirschberg,29903,29836,0,fasta,0.000000,12.950899665,12.950261600,29658,1,1724,ok,sars_cov2,6,forward,pair_00195,b0540238e8b48a5ce25dffafb94b1a9be507b161dea2a166d09a9565381f94eb,f484fc3b9ba11e4de66b8ec3c9d32cb1b90d3015a911cfc781a1d09f226bed75,4461407457,0,matched
nw,29903,29836,0,fasta,0.000000,13.581850408,13.581435300,29658,1,4357888,ok,sars_cov2,6,forward,pair_00195,b0540238e8b48a5ce25dffafb94b1a9be507b161dea2a166d09a9565381f94eb,f484fc3b9ba11e4de66b8ec3c9d32cb1b90d3015a911cfc781a1d09f226bed75,4461407457,0,matched
nw,29903,29836,0,fasta,0.000000,11.303820389,11.303559500,29658,1,4357888,ok,sars_cov2,7,forward,pair_00196,b0540238e8b48a5ce25dffafb94b1a9be507b161dea2a166d09a9565381f94eb,f484fc3b9ba11e4de66b8ec3c9d32cb1b90d3015a911cfc781a1d09f226bed75,4461407457,0,matched
hirschberg,29903,29836,0,fasta,0.000000,12.730085135,12.729886700,29658,1,1728,ok,sars_cov2,7,forward,pair_00196,b0540238e8b48a5ce25dffafb94b1a9be507b161dea2a166d09a9565381f94eb,f484fc3b9ba11e4de66b8ec3c9d32cb1b90d3015a911cfc781a1d09f226bed75,4461407457,0,matched
nw,154478,134525,0,fasta,0.000000,,,,,,skipped_memory_budget,plastidi,1,forward,pair_00197,d2e08ae02430bba30abcfa4d1b2d764d806c7c7c8f459dd7945502b6fc6ad39a,7eed881f465664671d3e92a34cb2d83c63de28475f8ef9a487653c72280a4c6c,103908076779,,not_compared
hirschberg,154478,134525,0,fasta,0.000000,327.265181174,327.183541600,46594,1,3568,ok,plastidi,1,forward,pair_00197,d2e08ae02430bba30abcfa4d1b2d764d806c7c7c8f459dd7945502b6fc6ad39a,7eed881f465664671d3e92a34cb2d83c63de28475f8ef9a487653c72280a4c6c,103908076779,0,not_compared
hirschberg,154478,134525,0,fasta,0.000000,329.574196556,329.564011900,46594,1,3608,ok,plastidi,2,forward,pair_00198,d2e08ae02430bba30abcfa4d1b2d764d806c7c7c8f459dd7945502b6fc6ad39a,7eed881f465664671d3e92a34cb2d83c63de28475f8ef9a487653c72280a4c6c,103908076779,0,not_compared
nw,154478,134525,0,fasta,0.000000,,,,,,skipped_memory_budget,plastidi,2,forward,pair_00198,d2e08ae02430bba30abcfa4d1b2d764d806c7c7c8f459dd7945502b6fc6ad39a,7eed881f465664671d3e92a34cb2d83c63de28475f8ef9a487653c72280a4c6c,103908076779,,not_compared
nw,154478,134525,0,fasta,0.000000,,,,,,skipped_memory_budget,plastidi,3,forward,pair_00199,d2e08ae02430bba30abcfa4d1b2d764d806c7c7c8f459dd7945502b6fc6ad39a,7eed881f465664671d3e92a34cb2d83c63de28475f8ef9a487653c72280a4c6c,103908076779,,not_compared
hirschberg,154478,134525,0,fasta,0.000000,325.645788731,325.636573900,46594,1,3568,ok,plastidi,3,forward,pair_00199,d2e08ae02430bba30abcfa4d1b2d764d806c7c7c8f459dd7945502b6fc6ad39a,7eed881f465664671d3e92a34cb2d83c63de28475f8ef9a487653c72280a4c6c,103908076779,0,not_compared
hirschberg,154478,134525,0,fasta,0.000000,325.556176469,325.549253900,46594,1,3612,ok,plastidi,4,forward,pair_00200,d2e08ae02430bba30abcfa4d1b2d764d806c7c7c8f459dd7945502b6fc6ad39a,7eed881f465664671d3e92a34cb2d83c63de28475f8ef9a487653c72280a4c6c,103908076779,0,not_compared
nw,154478,134525,0,fasta,0.000000,,,,,,skipped_memory_budget,plastidi,4,forward,pair_00200,d2e08ae02430bba30abcfa4d1b2d764d806c7c7c8f459dd7945502b6fc6ad39a,7eed881f465664671d3e92a34cb2d83c63de28475f8ef9a487653c72280a4c6c,103908076779,,not_compared
nw,154478,134525,0,fasta,0.000000,,,,,,skipped_memory_budget,plastidi,5,forward,pair_00201,d2e08ae02430bba30abcfa4d1b2d764d806c7c7c8f459dd7945502b6fc6ad39a,7eed881f465664671d3e92a34cb2d83c63de28475f8ef9a487653c72280a4c6c,103908076779,,not_compared
hirschberg,154478,134525,0,fasta,0.000000,326.156470975,326.134740800,46594,1,3608,ok,plastidi,5,forward,pair_00201,d2e08ae02430bba30abcfa4d1b2d764d806c7c7c8f459dd7945502b6fc6ad39a,7eed881f465664671d3e92a34cb2d83c63de28475f8ef9a487653c72280a4c6c,103908076779,0,not_compared
hirschberg,154478,134525,0,fasta,0.000000,327.587378111,327.800810200,46594,1,3612,ok,plastidi,6,forward,pair_00202,d2e08ae02430bba30abcfa4d1b2d764d806c7c7c8f459dd7945502b6fc6ad39a,7eed881f465664671d3e92a34cb2d83c63de28475f8ef9a487653c72280a4c6c,103908076779,0,not_compared
nw,154478,134525,0,fasta,0.000000,,,,,,skipped_memory_budget,plastidi,6,forward,pair_00202,d2e08ae02430bba30abcfa4d1b2d764d806c7c7c8f459dd7945502b6fc6ad39a,7eed881f465664671d3e92a34cb2d83c63de28475f8ef9a487653c72280a4c6c,103908076779,,not_compared
nw,154478,134525,0,fasta,0.000000,,,,,,skipped_memory_budget,plastidi,7,forward,pair_00203,d2e08ae02430bba30abcfa4d1b2d764d806c7c7c8f459dd7945502b6fc6ad39a,7eed881f465664671d3e92a34cb2d83c63de28475f8ef9a487653c72280a4c6c,103908076779,,not_compared
hirschberg,154478,134525,0,fasta,0.000000,329.081981653,328.625351000,46594,1,3608,ok,plastidi,7,forward,pair_00203,d2e08ae02430bba30abcfa4d1b2d764d806c7c7c8f459dd7945502b6fc6ad39a,7eed881f465664671d3e92a34cb2d83c63de28475f8ef9a487653c72280a4c6c,103908076779,0,not_compared
