algorithm,n,m,seed,input_mode,mutation_rate,wall_time_s,cpu_time_s,score,valid,max_rss_kb,status
nw,250,250,1001,random,0.050000,0.000586025,0.000636400,12,1,1424,ok
hirschberg,250,250,1001,random,0.050000,0.001147484,0.001246400,12,1,1280,ok
hirschberg,250,250,1002,random,0.050000,0.001027400,0.001118000,14,1,1280,ok
nw,250,250,1002,random,0.050000,0.000655417,0.000712500,14,1,1428,ok
nw,250,250,1003,random,0.050000,0.000656975,0.000714200,11,1,1428,ok
hirschberg,250,250,1003,random,0.050000,0.001013191,0.001103300,11,1,1280,ok
nw,500,500,1001,random,0.050000,0.002733500,0.002979400,43,1,2304,ok
hirschberg,500,500,1001,random,0.050000,0.003987959,0.004348100,43,1,1280,ok
hirschberg,500,500,1002,random,0.050000,0.003236476,0.003526600,40,1,1280,ok
nw,500,500,1002,random,0.050000,0.002215583,0.002413300,40,1,2304,ok
nw,500,500,1003,random,0.050000,0.002088992,0.002277000,50,1,2304,ok
hirschberg,500,500,1003,random,0.050000,0.003199992,0.003488900,50,1,1280,ok
nw,1000,1000,1001,random,0.050000,0.008685143,0.009472700,95,1,5888,ok
hirschberg,1000,1000,1001,random,0.050000,0.012845435,0.014010700,95,1,1280,ok
hirschberg,1000,1000,1002,random,0.050000,0.012829668,0.013993300,100,1,1408,ok
nw,1000,1000,1002,random,0.050000,0.008557818,0.009325500,100,1,5888,ok
nw,1000,1000,1003,random,0.050000,0.012284802,0.013377800,93,1,5888,ok
hirschberg,1000,1000,1003,random,0.050000,0.012843510,0.013981700,93,1,1408,ok
nw,2000,2000,1001,random,0.050000,0.046874491,0.051123600,220,1,20608,ok
hirschberg,2000,2000,1001,random,0.050000,0.058065984,0.063341300,220,1,1408,ok
hirschberg,2000,2000,1002,random,0.050000,0.056866709,0.062027400,198,1,1408,ok
nw,2000,2000,1002,random,0.050000,0.044434323,0.048469800,198,1,20608,ok
nw,2000,2000,1003,random,0.050000,0.040818807,0.044527200,202,1,20608,ok
hirschberg,2000,2000,1003,random,0.050000,0.059300826,0.064684800,202,1,1408,ok
nw,250,250,1001,mutated,0.050000,0.000558616,0.000606600,226,1,1424,ok
hirschberg,250,250,1001,mutated,0.050000,0.001053617,0.001145800,226,1,1280,ok
hirschberg,250,250,1002,mutated,0.050000,0.001245384,0.001356200,220,1,1280,ok
nw,250,250,1002,mutated,0.050000,0.000550825,0.000598900,220,1,1428,ok
nw,250,250,1003,mutated,0.050000,0.000695383,0.000756200,217,1,1424,ok
hirschberg,250,250,1003,mutated,0.050000,0.000946825,0.001029500,217,1,1280,ok
nw,500,500,1001,mutated,0.050000,0.002204767,0.002403000,456,1,2304,ok
hirschberg,500,500,1001,mutated,0.050000,0.003928834,0.004283700,456,1,1280,ok
hirschberg,500,500,1002,mutated,0.050000,0.004086225,0.004455100,442,1,1280,ok
nw,500,500,1002,mutated,0.050000,0.002574550,0.002757500,442,1,2304,ok
nw,500,500,1003,mutated,0.050000,0.002319626,0.002527000,445,1,2304,ok
hirschberg,500,500,1003,mutated,0.050000,0.004251959,0.004635100,445,1,1280,ok
nw,1000,1000,1001,mutated,0.050000,0.010001477,0.010907000,911,1,5888,ok
hirschberg,1000,1000,1001,mutated,0.050000,0.013530736,0.014758500,911,1,1280,ok
hirschberg,1000,1000,1002,mutated,0.050000,0.011027960,0.012028300,914,1,1280,ok
nw,1000,1000,1002,mutated,0.050000,0.008474402,0.009234500,914,1,5888,ok
nw,1000,1000,1003,mutated,0.050000,0.007845842,0.008557300,906,1,5888,ok
hirschberg,1000,1000,1003,mutated,0.050000,0.013456118,0.014675700,906,1,1280,ok
nw,2000,2000,1001,mutated,0.050000,0.035150597,0.038340900,1805,1,20608,ok
hirschberg,2000,2000,1001,mutated,0.050000,0.053867375,0.058720200,1805,1,1408,ok
hirschberg,2000,2000,1002,mutated,0.050000,0.048462249,0.052857500,1769,1,1408,ok
nw,2000,2000,1002,mutated,0.050000,0.033506188,0.036538200,1769,1,20608,ok
nw,2000,2000,1003,mutated,0.050000,0.037161947,0.040537900,1791,1,20608,ok
hirschberg,2000,2000,1003,mutated,0.050000,0.047177265,0.051453600,1791,1,1280,ok
nw,500,2000,1101,random,0.050000,0.009047868,0.009866400,-1000,1,6016,ok
hirschberg,500,2000,1101,random,0.050000,0.014241793,0.015532700,-1000,1,1280,ok
hirschberg,500,2000,1102,random,0.050000,0.015054143,0.016412700,-1002,1,1280,ok
nw,500,2000,1102,random,0.050000,0.010918327,0.011907800,-1002,1,6016,ok
nw,500,2000,1103,random,0.050000,0.010266485,0.011196900,-1000,1,6016,ok
hirschberg,500,2000,1103,random,0.050000,0.016837520,0.018352100,-1000,1,1280,ok
nw,2000,500,1101,random,0.050000,0.008886351,0.009692300,-1002,1,6016,ok
hirschberg,2000,500,1101,random,0.050000,0.013850377,0.015107400,-1002,1,1280,ok
hirschberg,2000,500,1102,random,0.050000,0.016016461,0.017453100,-1000,1,1280,ok
nw,2000,500,1102,random,0.050000,0.008217460,0.008960800,-1000,1,6016,ok
nw,2000,500,1103,random,0.050000,0.007959968,0.008681500,-1002,1,6016,ok
hirschberg,2000,500,1103,random,0.050000,0.013937918,0.015202800,-1002,1,1280,ok
