algorithm,n,m,input_mode,mutation_rate,runs,wall_median_s,wall_mean_s,wall_stdev_s,cpu_median_s,cpu_mean_s,cpu_stdev_s,rss_median_kb,rss_median_mib,rss_mean_kb,rss_stdev_kb,score_min,score_max
hirschberg,250,250,mutated,0.05,3,0.001053617,0.001081942,0.0001512815201503475,0.0011458,0.0011771666666666666,0.00016559324664168316,1280.0,1.25,1280.0,0.0,217,226
nw,250,250,mutated,0.05,3,0.000558616,0.000601608,8.130490691834045e-05,0.0006066,0.0006539,8.867801305848026e-05,1424.0,1.390625,1425.3333333333333,2.309401076758503,217,226
hirschberg,500,500,mutated,0.05,3,0.004086225,0.004089006,0.00016158045016956705,0.0044551,0.004457966666666666,0.0001757175384909922,1280.0,1.25,1280.0,0.0,442,456
nw,500,500,mutated,0.05,3,0.002319626,0.002366314333333333,0.00018926097623211548,0.002527,0.0025625,0.0001798964980203894,2304.0,2.25,2304.0,0.0,442,456
hirschberg,1000,1000,mutated,0.05,3,0.013456118,0.012671604666666666,0.0014239268956576854,0.0146757,0.013820833333333334,0.001552931348557731,1280.0,1.25,1280.0,0.0,906,914
nw,1000,1000,mutated,0.05,3,0.008474402,0.008773907000000001,0.001108588290157802,0.0092345,0.009566266666666667,0.001209472762542974,5888.0,5.75,5888.0,0.0,906,914
hirschberg,2000,2000,mutated,0.05,3,0.048462249,0.049835629666666666,0.003550214612485467,0.0528575,0.05434376666666667,0.0038545570878290706,1408.0,1.375,1365.3333333333333,73.9008344562721,1769,1805
nw,2000,2000,mutated,0.05,3,0.035150597,0.035272910666666664,0.00183094618744253,0.0383409,0.03847233333333333,0.0020030866340059626,20608.0,20.125,20608.0,0.0,1769,1805
hirschberg,250,250,random,0.05,3,0.0010274,0.0010626916666666667,7.377519071024713e-05,0.001118,0.0011559,7.871918444699483e-05,1280.0,1.25,1280.0,0.0,11,14
nw,250,250,random,0.05,3,0.000655417,0.0006328056666666667,4.052073446191879e-05,0.0007125,0.0006877,4.4435233767810906e-05,1428.0,1.39453125,1426.6666666666667,2.309401076758503,11,14
hirschberg,500,500,random,0.05,3,0.003236476,0.003474809,0.0004447751819054207,0.0035266,0.0037878666666666667,0.00048554233938281134,1280.0,1.25,1280.0,0.0,40,50
nw,500,500,random,0.05,3,0.002215583,0.002346025,0.0003414805661219975,0.0024133,0.002556566666666667,0.0003724720705413137,2304.0,2.25,2304.0,0.0,40,50
hirschberg,500,2000,random,0.05,3,0.015054143,0.015377818666666668,0.0013277891841426991,0.0164127,0.016765833333333334,0.0014424914049426198,1280.0,1.25,1280.0,0.0,-1002,-1000
nw,500,2000,random,0.05,3,0.010266485,0.010077560000000001,0.0009494333622687796,0.0111969,0.010990366666666666,0.001036253107755693,6016.0,5.875,6016.0,0.0,-1002,-1000
hirschberg,1000,1000,random,0.05,3,0.01284351,0.012839537666666668,8.601403742025636e-06,0.0139933,0.013995233333333332,1.4596346574856491e-05,1408.0,1.375,1365.3333333333333,73.9008344562721,93,100
nw,1000,1000,random,0.05,3,0.008685143,0.009842587666666666,0.002115977564002117,0.0094727,0.010725333333333333,0.0022982822984423243,5888.0,5.75,5888.0,0.0,93,100
hirschberg,2000,500,random,0.05,3,0.013937918,0.014601585333333333,0.0012260998004911066,0.0152028,0.0159211,0.0013276081085922902,1280.0,1.25,1280.0,0.0,-1002,-1000
nw,2000,500,random,0.05,3,0.00821746,0.008354593,0.0004781740900958568,0.0089608,0.009111533333333333,0.0005219861715920575,6016.0,5.875,6016.0,0.0,-1002,-1000
hirschberg,2000,2000,random,0.05,3,0.058065984,0.058077839666666665,0.001217101807593076,0.0633413,0.06335116666666667,0.0013287274751932127,1408.0,1.375,1408.0,0.0,198,220
nw,2000,2000,random,0.05,3,0.044434323,0.04404254033333333,0.00304679297301102,0.0484698,0.0480402,0.003319117406781505,20608.0,20.125,20608.0,0.0,198,220
