dataset_id,algorithm,n,m,input_mode,mutation_rate,orientation,attempts,runs,excluded,skipped_memory_budget,score_pairs_matched,status_counts,wall_median_s,wall_mean_s,wall_stdev_s,cpu_median_s,cpu_mean_s,cpu_stdev_s,rss_median_kb,rss_median_mib,rss_mean_kb,rss_stdev_kb,score_min,score_max
synthetic_mutated,hirschberg,1000,1000,mutated,0.050000,forward,3,3,0,0,3,ok:3,0.016607855,0.016693927666666667,0.0010036608831081025,0.0163273,0.0164119,0.000987820773217491,1280.0,1.25,1280.0,0.0,906,914
synthetic_mutated,hirschberg,2000,2000,mutated,0.050000,forward,3,3,0,0,3,ok:3,0.062387182,0.06553743433333334,0.006382886145087212,0.0613397,0.06443366666666667,0.006268205047964953,1408.0,1.375,1365.3333333333333,73.9008344562721,1769,1805
synthetic_mutated,hirschberg,250,250,mutated,0.050000,forward,3,3,0,0,3,ok:3,0.000821234,0.000884967,0.00011481980943635113,0.0008055,0.0008679,0.00011199968749956402,1280.0,1.25,1280.0,0.0,217,226
synthetic_mutated,hirschberg,500,500,mutated,0.050000,forward,3,3,0,0,3,ok:3,0.003260225,0.0033889443333333332,0.0002844776311229644,0.0032037,0.003329833333333333,0.00027869907307584164,1280.0,1.25,1280.0,0.0,442,456
synthetic_mutated,nw,1000,1000,mutated,0.050000,forward,3,3,0,0,3,ok:3,0.010204361,0.009915937333333333,0.00106383391257768,0.0100317,0.0097444,0.0010514135104705469,5888.0,5.75,5888.0,0.0,906,914
synthetic_mutated,nw,2000,2000,mutated,0.050000,forward,3,3,0,0,3,ok:3,0.046750266,0.04780181866666667,0.0028505084675729923,0.0459655,0.046990133333333337,0.002810888511366706,20608.0,20.125,20608.0,0.0,1769,1805
synthetic_mutated,nw,250,250,mutated,0.050000,forward,3,3,0,0,3,ok:3,0.000504843,0.0005056566666666667,8.065341302966281e-06,0.0004947,0.0004954666666666667,7.977677189090402e-06,1424.0,1.390625,1425.3333333333333,2.309401076758503,217,226
synthetic_mutated,nw,500,500,mutated,0.050000,forward,3,3,0,0,3,ok:3,0.002164703,0.002293524,0.0004068385599018363,0.0021263,0.0022525,0.00039944269926987027,2304.0,2.25,2304.0,0.0,442,456
synthetic_random,hirschberg,1000,1000,random,0.000000,forward,3,3,0,0,3,ok:3,0.01509363,0.01491823,0.0005149431102956907,0.0148385,0.014657533333333334,0.0004967217765845724,1280.0,1.25,1322.6666666666667,73.9008344562721,93,100
synthetic_random,hirschberg,2000,2000,random,0.000000,forward,3,3,0,0,3,ok:3,0.077664484,0.075113148,0.007452311682395742,0.0763614,0.0738457,0.007319317923823231,1408.0,1.375,1408.0,0.0,198,220
synthetic_random,hirschberg,250,250,random,0.000000,forward,3,3,0,0,3,ok:3,0.000927716,0.0009288683333333333,4.38652668216365e-06,0.0009075,0.0009070333333333333,9.108969938106801e-06,1280.0,1.25,1280.0,0.0,11,14
synthetic_random,hirschberg,500,500,random,0.000000,forward,3,3,0,0,3,ok:3,0.003618313,0.0036220086666666667,2.4062302806118258e-05,0.003556,0.0035594666666666666,2.398860840760328e-05,1280.0,1.25,1280.0,0.0,40,50
synthetic_random,nw,1000,1000,random,0.000000,forward,3,3,0,0,3,ok:3,0.009844238,0.010500174666666667,0.0015259132538363162,0.0096772,0.010322033333333333,0.0015000725260244357,5888.0,5.75,5888.0,0.0,93,100
synthetic_random,nw,2000,2000,random,0.000000,forward,3,3,0,0,3,ok:3,0.059731263,0.057874205,0.004995173198637561,0.0587297,0.056885566666666665,0.004941498001955819,20608.0,20.125,20608.0,0.0,198,220
synthetic_random,nw,250,250,random,0.000000,forward,3,3,0,0,3,ok:3,0.000603392,0.000618138,3.796054387123555e-05,0.0005914,0.000605,3.683381598477143e-05,1424.0,1.390625,1425.3333333333333,2.309401076758503,11,14
synthetic_random,nw,500,500,random,0.000000,forward,3,3,0,0,3,ok:3,0.002376241,0.002387835,4.6754855608802795e-05,0.0023345,0.0023459,4.567964535764247e-05,2304.0,2.25,2304.0,0.0,40,50
synthetic_rectangle,hirschberg,2000,500,random,0.000000,reverse,3,3,0,0,3,ok:3,0.020502795,0.019781498333333335,0.002901775499768604,0.0201569,0.019447566666666666,0.002853507472100491,1280.0,1.25,1280.0,0.0,-1002,-1000
synthetic_rectangle,hirschberg,500,2000,random,0.000000,forward,3,3,0,0,3,ok:3,0.019497075,0.018252154333333333,0.0025602583976406237,0.0191427,0.017928266666666665,0.0025153792444347887,1280.0,1.25,1280.0,0.0,-1002,-1000
synthetic_rectangle,nw,2000,500,random,0.000000,reverse,3,3,0,0,3,ok:3,0.009324648,0.009149010333333332,0.00037390023250906553,0.0091663,0.008993466666666667,0.00036741981891745274,6016.0,5.875,6016.0,0.0,-1002,-1000
synthetic_rectangle,nw,500,2000,random,0.000000,forward,3,3,0,0,3,ok:3,0.010641776,0.011271203,0.0016574289993851925,0.0104608,0.011077,0.001632579933724533,6016.0,5.875,6016.0,0.0,-1002,-1000
